station_id,station_name,station_type,volunteer_id,address,postcode,district_name,operational_area,lon,lat,source_date
1100,FW-MITTE (LRW),BF,-,Voltairestraße 2,10179,Mitte,EB E 1,13.414667,52.516914,18.09.2024
1110,FF-MITTE,FF,-,Linienstraße 128 - 129,10115,Mitte,EB E 1,13.389256,52.526585,18.09.2024
1200,FW-FRIEDRICHSHAIN,BF,1201,Rüdersdorfer Straße 57,10243,Friedrichshain-Kreuzberg,EB E 1,13.444627,52.51164,18.09.2024
1204,RTW-FRIEDRICHSHAIN (KRH),RW,-,Landsberger Allee 49,10249,Friedrichshain-Kreuzberg,EB E 1,13.441425,52.525561,18.09.2024
1300,FW-PRENZLAUER BERG,BF,-,Oderberger Straße 24 - 25,10435,Pankow,EB E 2,13.406671,52.53991,18.09.2024
1310,FF-PRENZLAUER BERG,FF,-,Schieritzstraße 24,10409,Pankow,EB E 2,13.440606,52.545216,18.09.2024
1400,FW-MOABIT,BF,1401,Jagowstraße 31,10555,Mitte,EB E 1,13.333697,52.52267,18.09.2024
1500,FW-URBAN,BF,1501,Wilmsstraße 19 - 20,10961,Friedrichshain-Kreuzberg,EB E 1,13.403235,52.49552,18.09.2024
1600,FW-KREUZBERG,BF,1601,Wiener Straße 64,10999,Friedrichshain-Kreuzberg,EB E 1,13.429183,52.498634,18.09.2024
1700,FW-TIERGARTEN,BF,-,Elisabeth-Abegg-Straße 2,10557,Mitte,EB E 1,13.36617,52.521741,18.09.2024
1704,RTW-BW (KRH),RW,-,Scharnhorststraße 13,10115,Mitte,EB E 1,13.371582,52.534165,18.09.2024
2100,FW-SCHILLERPARK,BF,-,Edinburger Straße 7,13349,Reinickendorf,EB E 1,13.351958,52.553726,18.09.2024
2200,FW-WITTENAU,BF,2201,Roedernallee 55,13437,Reinickendorf,EB E 2,13.340855,52.587345,18.09.2024
2300,FW-HERMSDORF,BF,2301,Heinsestraße 24,13467,Reinickendorf,EB E 2,13.308773,52.61538,18.09.2024
2320,FF-FROHNAU,FF,-,Senheimer Straße 69,13465,Reinickendorf,EB E 2,13.2927,52.6453,18.09.2024
2400,FW-TEGEL,BF,2401,Berliner Straße 16,13507,Reinickendorf,EB E 2,13.286173,52.586594,18.09.2024
2410,FF-HEILIGENSEE,FF,-,Alt-Heiligensee 68,13503,Reinickendorf,EB E 2,13.21129,52.60669,18.09.2024
2420,FF-TEGELORT,FF,-,Baummardersteig 14,13505,Reinickendorf,EB E 2,13.223328,52.583655,18.09.2024
2500,FW-WEDDING,BF,2501,Reinickendorfer Straße 15 A -  C,13347,Reinickendorf,EB E 1,13.370005,52.543285,18.09.2024
2600,FW-PANKOW,BF,-,Pasewalker Straße 120,13127,Pankow,EB E 2,13.428937,52.58218,18.09.2024
2604,RTW-PANKOW-MITTE (KRH),RW,-,Breite Straße 46 - 48,13187,Pankow,EB E 2,13.414949,52.57043,18.09.2024
2610,FF-NIEDERSCHÖNHAUSEN,FF,-,Blankenburger Straße 19,13156,Pankow,EB E 2,13.40722,52.581913,18.09.2024
2620,FF-BUCHHOLZ,FF,-,Gravensteinstraße 10,13127,Pankow,EB E 2,13.435014,52.607174,18.09.2024
2630,FF-BLANKENFELDE,FF,-,Hauptstraße 14,13159,Pankow,EB E 2,13.387658,52.617737,18.09.2024
2640,FF-WILHELMSRUH,FF,-,Edelweißstraße 35,13158,Pankow,EB E 2,13.370014,52.58582,18.09.2024
2650,FF-PANKOW,FF,-,Stiftsweg 1A,13187,Pankow,EB E 2,13.415502,52.57306,18.09.2024
2704,RTW-BUCH (KRH),RW,-,Schwanebecker Chaussee 50,13125,Pankow,EB E 2,13.507585,52.63175,18.09.2024
2710,FF-BUCH,FF,-,Pölnitzweg 3,13125,Pankow,EB E 2,13.501518,52.637802,18.09.2024
2720,FF-KAROW,FF,-,Alt-Karow 10,13125,Pankow,EB E 2,13.483037,52.611109,18.09.2024
3100,FW-SPANDAU NORD,BF,3101,Triftstraße 8,13585,Spandau,EB E 3,13.210396,52.544804,18.09.2024
3103,RTW-SPANDAU-NORD (KRH),RW,-,Lynarstraße 12,13585,Spandau,EB E 3,13.206734,52.548916,18.09.2024
3104,RTW-FALKENHAGENER FELD (KRH),RW,-,Stadtrandstraße 555 - 563,13589,Spandau,EB E 3,13.155651,52.564064,18.09.2024
3110,FF-STAAKEN,FF,-,Hackbuschstraße 65,13591,Spandau,EB E 3,13.150567,52.54346,18.09.2024
3200,FW-SPANDAU SÜD,BF,-,Betckestraße 13,13595,Spandau,EB E 3,13.204574,52.520973,18.09.2024
3210,FF-GATOW,FF,-,Gatower Straße 333,14089,Spandau,EB E 3,13.180663,52.489704,18.09.2024
3220,FF-KLADOW,FF,-,Kladower Damm 367,14089,Spandau,EB E 3,13.145226,52.454716,18.09.2024
3300,FW-SUAREZ,BF,3301,Suarezstraße 9,14057,Charlottenburg-Wilmersdorf,EB E 3,13.296062,52.50906,18.09.2024
3304,RTW-WESTEND (KRH),RW,-,Spandauer Damm 130,14059,Charlottenburg-Wilmersdorf,EB E 3,13.279056,52.520698,18.09.2024
3390,RTW-LIETZOW (MHD),RW,-,Alt-Lietzow 33,10587,Charlottenburg-Wilmersdorf,EB E 3,13.311593,52.518604,18.09.2024
3400,FW-WILMERSDORF,BF,3401,Gasteiner Straße 19 - 20,10717,Charlottenburg-Wilmersdorf,EB E 3,13.320455,52.487507,18.09.2024
3404,RTW-SCHMARGENDORF (KRH),RW,-,Caspar-Theyß-Straße 27 - 33,14193,Charlottenburg-Wilmersdorf,EB E 3,13.291342,52.491314,18.09.2024
3490,RTW-FRIEDENAU (DRK),RW,-,Görresstraße 14,12161,Tempelhof-Schöneberg,EB E 4,13.327,52.4742,18.09.2024
3500,FW-RANKE,BF,-,Rankestraße 10,10789,Charlottenburg-Wilmersdorf,EB E 3,13.332584,52.501708,18.09.2024
3503,RTW-BUDAPESTER STR. (KRH),RW,-,Budapester Straße 15 - 19,10787,Mitte,EB E 1,13.345115,52.50607,18.09.2024
3504,RTW-TIERGARTEN-SÜD (KRH),RW,-,Lützowstraße 24 - 26,10785,Mitte,EB E 1,13.363652,52.503635,18.09.2024
3600,FW-CHARLOTTENBURG NORD,BF,-,Nikolaus-Groß-Weg 2,13627,Charlottenburg-Wilmersdorf,EB E 3,13.282474,52.53305,18.09.2024
3608,FW-CHARLOTTENBURG-NORD (Ausweich),BF,-,Flughafen Tegel o.Nr. (BMZ),13405,Reinickendorf,EB E 2,13.284405,52.553238,18.09.2024
3639,TD 1,BF,-,Nikolaus-Groß-Weg 2,13627,Charlottenburg-Wilmersdorf,EB E 3,13.283535,52.532906,18.09.2024
3649,Fernmeldeeinsatzdienst,BF,-,Nikolaus-Groß-Weg 2,13627,Charlottenburg-Wilmersdorf,EB E 3,13.282459,52.532389,18.09.2024
3690,RTW-SIEMENSSTADT (DRK),RW,3601,Paulsternstraße 34,13629,Spandau,EB E 3,13.247603,52.544068,18.09.2024
4100,FW-ZEHLENDORF,BF,4101,Charlottenburger Straße 10,14169,Steglitz-Zehlendorf,EB E 4,13.265346,52.43717,18.09.2024
4200,FW-STEGLITZ,BF,-,Südendstraße 18A,12169,Steglitz-Zehlendorf,EB E 4,13.33036,52.455967,18.09.2024
4206,RW-RTH CHRISTOPH 31,RW,-,Klingsorstraße 107,12203,Steglitz-Zehlendorf,EB E 4,13.322129,52.441121,18.09.2024
4300,FW-TEMPELHOF,BF,-,Borussiastraße 16 - 17,12103,Tempelhof-Schöneberg,EB E 4,13.383859,52.466972,18.09.2024
4390,RW-MARIENDORF,RW,-,Rathausstraße 70 - 72,12105,Tempelhof-Schöneberg,EB E 4,13.380322,52.44388,18.09.2024
4400,FW-SCHÖNEBERG,BF,4401,Feurigstraße 58,10827,Tempelhof-Schöneberg,EB E 4,13.356756,52.48461,18.09.2024
4500,FW-WANNSEE,BF,-,Kronprinzessinnenweg 20,14109,Steglitz-Zehlendorf,EB E 4,13.184649,52.429295,18.09.2024
4600,FW-LICHTERFELDE,BF,4601,Goethestraße 7,12207,Steglitz-Zehlendorf,EB E 4,13.315505,52.42956,18.09.2024
4604,RTW-LANKWITZ (KRH),RW,-,Gallwitzallee 123 - 143,12249,Steglitz-Zehlendorf,EB E 4,13.350624,52.424919,18.09.2024
4700,FW-MARIENFELDE,BF,4701,Wilhelm-von-Siemens-Straße 15,12277,Tempelhof-Schöneberg,EB E 4,13.380497,52.429577,18.09.2024
4710,FF-LICHTENRADE,FF,-,Im Domstift 22,12309,Tempelhof-Schöneberg,EB E 4,13.412235,52.39247,18.09.2024
4790,RTW-MARIENFELDE-SÜD (JUH),RW,-,Nunsdorfer Ring 7-9,12277,Tempelhof-Schöneberg,EB E 4,13.379717,52.408756,18.09.2024
5100,FW-NEUKÖLLN,BF,5101,Kirchhofstraße 20,12051,Neukölln,EB E 5,13.438435,52.46899,18.09.2024
5200,FW-BUCKOW,BF,-,Johannisthaler Chaussee 222,12351,Neukölln,EB E 5,13.468328,52.434193,18.09.2024
5210,FF-RUDOW,FF,-,Alt-Rudow 67,12355,Neukölln,EB E 5,13.496813,52.417034,18.09.2024
5300,FW-TREPTOW,BF,5301,Groß-Berliner Damm 18,12487,Treptow-Köpenick,EB E 5,13.510139,52.45026,18.09.2024
5304,RTW-BOHNSDORF (KRH),RW,-,Höhensteig 1,12526,Treptow-Köpenick,EB E 5,13.570906,52.405594,18.09.2024
5310,FF-ADLERSHOF,FF,-,Selchowstraße 3-4,12489,Treptow-Köpenick,EB E 5,13.55,52.4394,18.09.2024
5320,FF-BOHNSDORF,FF,-,Waltersdorfer Straße 107,12526,Treptow-Köpenick,EB E 5,13.5742,52.40165,18.09.2024
5330,FF-ALTGLIENICKE,FF,-,Semmelweisstraße 56-64,12524,Treptow-Köpenick,EB E 5,13.533715,52.424489,18.09.2024
5340,FF-OBERSCHÖNEWEIDE,FF,-,Siemensstraße 26,12459,Treptow-Köpenick,EB E 5,13.510991,52.464043,18.09.2024
5390,RTW-ADLERSHOF,RW,-,Anna-Seghers-Straße 171B,12489,Treptow-Köpenick,EB E 5,13.549151,52.431823,18.09.2024
5400,FW-KÖPENICK,BF,5401,Katzengraben 1 - 1 A,12555,Treptow-Köpenick,EB E 5,13.578987,52.447399,18.09.2024
5404,RTW-KÖPENICK (KRH),RW,-,Salvador-Allende-Straße 2-8,12559,Treptow-Köpenick,EB E 5,13.5966,52.4411,18.09.2024
5410,FF-FRIEDRICHSHAGEN,FF,-,Müggelseedamm 178,12587,Treptow-Köpenick,EB E 5,13.626126,52.446575,18.09.2024
5430,FF-WILHELMSHAGEN,FF,-,Frankenbergstraße 23,12589,Treptow-Köpenick,EB E 5,13.716145,52.4367,18.09.2024
5440,FF-MÜGGELHEIM,FF,-,Krampenburger Weg 1,12559,Treptow-Köpenick,EB E 5,13.664399,52.41056,18.09.2024
5450,FF-SCHMÖCKWITZ,FF,-,Godbersenstraße 31,12527,Treptow-Köpenick,EB E 5,13.643642,52.37849,18.09.2024
5460,FF-RAUCHFANGSWERDER,FF,-,Schmöckwitzer Damm 60,12527,Treptow-Köpenick,EB E 5,13.645771,52.34707,18.09.2024
5470,FF-GRÜNAU,FF,-,Schlierseestraße 10,12527,Treptow-Köpenick,EB E 5,13.579,52.4222,18.09.2024
5490,RTW-RAHNSDORF (ASB),RW,-,Mühlenweg 8,12589,Treptow-Köpenick,EB E 5,13.689635,52.439022,18.09.2024
6100,FW-MARZAHN,BF,-,Märkische Allee 181,12681,Marzahn-Hellersdorf,EB E 6,13.536704,52.53498,18.09.2024
6106,RW-UNFALLKRANKENHAUS BERLIN,RW,-,Warener Straße 7,12683,Marzahn-Hellersdorf,EB E 6,13.566995,52.519385,18.09.2024
6110,FF-MARZAHN,FF,-,Blenheimstraße 67,12685,Marzahn-Hellersdorf,EB E 6,13.562305,52.542046,18.09.2024
6120,FF-BIESDORF,FF,-,Alt-Biesdorf 58,12683,Marzahn-Hellersdorf,EB E 6,13.556254,52.509579,18.09.2024
6139,TD 2,BF,-,Märkische Allee 181,12681,Marzahn-Hellersdorf,EB E 6,13.536844,52.535915,18.09.2024
6149,Fernmeldeinsatzdienst (FW Marzahn),BF,-,Märkische Allee 181,12681,Marzahn-Hellersdorf,EB E 6,13.536648,52.535312,18.09.2024
6200,FW-HELLERSDORF,BF,-,Kummerower Ring 80,12619,Marzahn-Hellersdorf,EB E 6,13.582429,52.52559,18.09.2024
6204,RTW-KAULSDORF (KRH),RW,-,Myslowitzer Straße 45,12621,Marzahn-Hellersdorf,EB E 6,13.593631,52.507877,18.09.2024
6210,FF-KAULSDORF,FF,-,Mädewalder Weg 21,12621,Marzahn-Hellersdorf,EB E 6,13.587988,52.506863,18.09.2024
6220,FF-MAHLSDORF,FF,-,Donizettistraße 4,12623,Marzahn-Hellersdorf,EB E 6,13.615521,52.5116,18.09.2024
6230,FF-HELLERSDORF,FF,-,Hellersdorfer Straße 147,12619,Marzahn-Hellersdorf,EB E 6,13.58984,52.53014,18.09.2024
6300,FW-WEIßENSEE,BF,6301,Parkstraße 38 - 39,13086,Pankow,EB E 2,13.459756,52.556446,18.09.2024
6310,FF-HOHENSCHÖNHAUSEN,FF,-,Ferdinand-Schultze-Straße 128 - 132,13055,Lichtenberg,EB E 6,13.508145,52.545055,18.09.2024
6320,FF-FALKENBERG,FF,-,Hausvaterweg 16,13057,Lichtenberg,EB E 6,13.546532,52.569536,18.09.2024
6330,FF-WARTENBERG-MALCHOW,FF,-,Dorfstraße 4,13059,Lichtenberg,EB E 6,13.515738,52.574738,18.09.2024
6360,FF-BLANKENBURG,FF,-,Alt-Blankenburg 9,13129,Pankow,EB E 2,13.451986,52.593099,18.09.2024
6370,FF-HEINERSDORF,FF,-,Romain-Rolland-Straße 105 - 107,13089,Pankow,EB E 2,13.437302,52.571453,18.09.2024
6400,FW-LICHTENBERG,BF,6401,Josef-Orlopp-Straße 69,10365,Lichtenberg,EB E 6,13.492858,52.523182,18.09.2024
6407,RTW-LICHTENBERG,RW,-,Siegrfriedstraße 210A,10365,Lichtenberg,EB E 6,13.497534,52.512751,18.09.2024
6490,RTW-RUMMELSBURG (ASB),RW,-,Nöldnerstraße 36,10317,Treptow-Köpenick,EB E 6,13.483908,52.501945,18.09.2024
6500,FW-KARLSHORST,BF,6501,Dönhoffstraße 31,10318,Lichtenberg,EB E 6,13.520727,52.48401,18.09.2024
