dispatchcode,dispatchcode_name
01,"Bauchschmerzen, -beschwerden"
02,"Allergie (Überreaktion) / Kontakt mit giftigen Tieren (Stiche, Bisse)"
03,Tierbiss / Tierangriff
04,Körperverletzung / Sexualdelikt / Elektroschocker
05,Rückenschmerzen (Nicht traumatische Rückenschmerzen oder ältere Verletzung)
06,Atembeschwerden
07,Verbrennungen (Verbrühungen) / Explosion (Detonation)
08,Kohlenmonoxid / Inhalation / Gefahrgut / CBRN
09,"Kreislauf-, Atemstillstand / Tote Person"
10,Brustschmerzen / Andere Beschwerden in der Brust (Nicht Traumatisch)
11,Atemwegsverlegung (Durch Fremdkörper)
12,Krampfanfall
13,Blutzuckerentgleisungen
14,Ertrinken / Beinahe-Ertrinken / Kopfsprung / Gerätetauchunfall
15,Stromunfall / Blitzschlag
16,Augenprobleme / Verletzungen
17,Sturz / Absturz
18,Kopfschmerzen
19,Herzbeschwerden / Implantierter Defibrillator
20,"Hitze-, Kälteprobleme"
21,Blutung / Wunden
22,Unzugängliche / Verschüttete / Eingeklemmte / Eingeschlossene Person (Nicht verkehrsbedingt)
23,Überdosis / Vergiftung (Einnahme)
24,Schwangerschaft / Geburt / Fehlgeburt
25,Psychiatrie / Abnormales Verhalten / Suizidversuch
26,Kranke Person (Spezielle Krankheitsbilder)
27,"Stich-, Schuss-, Pfählungsverletzung"
28,Schlaganfall / Transitorische Ischämische Attacke (TIA)
29,Verkehrsunfall
30,Verletzungen
31,Bewusstlosigkeit / Ohnmacht (Beinahe-)
32,Unklares Geschehen (Person in Notlage)
33,Anforderung von Rettungsmittel durch Versorgungseinrichtung / Palliative Medizin / Einweisung
34,AUM (Automatische Unfallmeldung)
39,Amoklage
