dispatchcode,dispatch_level,codes_in_table,share_rd1,share_rd2,share_rd3,share_rd4,share_rd5,share_other,share_rd1_rd2
01,A,4,0.0,0.0,0.75,0.0,0.25,0.0,0.0
01,C,10,0.0,0.2,0.7,0.1,0.0,0.0,0.2
01,D,3,0.0,0.6667,0.0,0.3333,0.0,0.0,0.6667
02,A,9,0.0,0.2222,0.0,0.0,0.7778,0.0,0.2222
02,B,12,0.0,0.25,0.0,0.75,0.0,0.0,0.25
02,C,9,0.0,0.6667,0.0,0.0,0.0,0.3333,0.6667
02,D,15,0.0,0.8,0.0,0.0,0.0,0.2,0.8
02,E,6,0.5,0.0,0.0,0.0,0.0,0.5,0.5
03,A,6,0.0,0.0,0.6667,0.0,0.3333,0.0,0.0
03,B,15,0.0,0.2,0.6,0.2,0.0,0.0,0.2
03,D,10,0.2,0.8,0.0,0.0,0.0,0.0,1.0
04,A,15,0.0,0.1333,0.6667,0.0,0.2,0.0,0.1333
04,B,37,0.0,0.2703,0.4865,0.2432,0.0,0.0,0.2703
04,D,28,0.25,0.3214,0.0,0.0,0.0,0.4286,0.5714
05,A,2,0.0,0.0,0.0,0.0,1.0,0.0,0.0
05,C,7,0.0,0.2857,0.2857,0.4286,0.0,0.0,0.2857
05,D,3,0.0,0.6667,0.3333,0.0,0.0,0.0,0.6667
06,C,14,0.0,0.8571,0.1429,0.0,0.0,0.0,0.8571
06,D,36,0.1111,0.7778,0.0,0.0,0.0,0.1111,0.8889
06,E,8,0.5,0.0,0.0,0.0,0.0,0.5,0.5
07,A,21,0.0,0.0,0.2857,0.0,0.2381,0.4762,0.0
07,B,20,0.0,0.1,0.3,0.3,0.0,0.3,0.1
07,C,20,0.0,0.4,0.0,0.0,0.0,0.6,0.4
07,D,32,0.125,0.125,0.0,0.0,0.0,0.75,0.25
07,E,12,0.0,0.0,0.0,0.0,0.0,1.0,0.0
08,B,20,0.0,0.0,0.0,0.0,0.0,1.0,0.0
08,C,20,0.0,0.0,0.0,0.0,0.0,1.0,0.0
08,D,80,0.0,0.0,0.0,0.0,0.0,1.0,0.0
08,O,2,0.0,0.0,0.0,0.0,0.0,1.0,0.0
09,D,7,0.4286,0.4286,0.0,0.0,0.0,0.1429,0.8571
09,E,21,0.8571,0.0,0.0,0.0,0.0,0.1429,0.8571
10,A,1,0.0,0.0,0.0,1.0,0.0,0.0,0.0
10,C,4,0.0,0.5,0.25,0.0,0.0,0.25,0.5
10,D,6,0.0,0.8333,0.0,0.0,0.0,0.1667,0.8333
11,A,5,0.0,0.0,0.0,0.0,1.0,0.0,0.0
11,D,28,0.8214,0.0,0.1786,0.0,0.0,0.0,0.8214
11,E,29,0.8276,0.0,0.0,0.0,0.0,0.1724,0.8276
12,A,7,0.0,0.4286,0.5714,0.0,0.0,0.0,0.4286
12,B,4,0.0,0.5,0.0,0.0,0.0,0.5,0.5
12,C,15,0.0,0.8667,0.0,0.0,0.0,0.1333,0.8667
12,D,18,0.8889,0.0,0.0,0.0,0.0,0.1111,0.8889
13,A,1,0.0,0.0,0.0,0.0,1.0,0.0,0.0
13,C,9,0.0,0.2222,0.4444,0.3333,0.0,0.0,0.2222
13,D,4,0.5,0.0,0.0,0.0,0.0,0.5,0.5
14,A,2,0.0,0.0,1.0,0.0,0.0,0.0,0.0
14,B,10,0.0,0.5,0.0,0.0,0.1,0.4,0.5
14,C,14,0.0,0.4286,0.0,0.0,0.0,0.5714,0.4286
14,D,37,0.2703,0.3784,0.0,0.0,0.0,0.3514,0.6486
14,E,13,0.5385,0.0,0.0,0.0,0.0,0.4615,0.5385
15,C,2,0.0,0.5,0.5,0.0,0.0,0.0,0.5
15,D,22,0.2727,0.2273,0.0,0.0,0.0,0.5,0.5
15,E,5,0.6,0.0,0.0,0.0,0.0,0.4,0.6
16,A,5,0.0,0.0,0.6,0.0,0.4,0.0,0.0
16,B,6,0.0,0.5,0.0,0.5,0.0,0.0,0.5
16,D,2,0.0,1.0,0.0,0.0,0.0,0.0,1.0
17,A,54,0.0,0.0,0.963,0.0,0.037,0.0,0.0
17,B,103,0.0,0.2039,0.7184,0.0291,0.0097,0.0388,0.2039
17,C,23,0.0,0.0,0.6957,0.1304,0.0,0.1739,0.0
17,D,37,0.2703,0.6216,0.0,0.0,0.0,0.1081,0.8919
18,A,1,0.0,0.0,0.0,0.0,1.0,0.0,0.0
18,B,6,0.0,0.0,0.0,1.0,0.0,0.0,0.0
18,C,123,0.0,0.7073,0.1626,0.0,0.0,0.1301,0.7073
19,A,2,0.0,0.0,0.0,0.5,0.5,0.0,0.0
19,C,8,0.0,0.5,0.5,0.0,0.0,0.0,0.5
19,D,6,0.1667,0.6667,0.0,0.0,0.0,0.1667,0.8333
20,A,2,0.0,0.0,0.0,0.0,1.0,0.0,0.0
20,B,14,0.0,0.0,0.5714,0.4286,0.0,0.0,0.0
20,C,4,0.0,0.0,1.0,0.0,0.0,0.0,0.0
20,D,7,0.0,0.2857,0.0,0.0,0.0,0.7143,0.2857
21,A,4,0.0,0.0,0.0,0.0,1.0,0.0,0.0
21,B,26,0.0,0.1538,0.1538,0.6923,0.0,0.0,0.1538
21,C,16,0.0,0.5,0.375,0.0,0.0,0.125,0.5
21,D,19,0.5789,0.4211,0.0,0.0,0.0,0.0,1.0
22,A,9,0.0,0.1111,0.2222,0.0,0.0,0.6667,0.1111
22,B,33,0.0,0.0606,0.0,0.0,0.0,0.9394,0.0606
22,C,72,0.0,0.0139,0.0,0.0,0.0,0.9861,0.0139
22,D,72,0.0,0.0,0.0,0.0,0.0,1.0,0.0
23,B,25,0.0,0.24,0.36,0.36,0.0,0.04,0.24
23,C,186,0.0,0.4086,0.5269,0.0,0.0,0.0645,0.4086
23,D,145,0.3034,0.1172,0.0,0.0,0.0,0.5793,0.4207
23,E,49,0.6735,0.0,0.0,0.0,0.0,0.3265,0.6735
23,O,6,0.0,0.0,0.5,0.0,0.5,0.0,0.0
24,A,26,0.0,0.4615,0.0,0.0769,0.0,0.4615,0.4615
24,B,36,0.0,0.6667,0.0,0.0,0.0,0.3333,0.6667
24,C,34,0.0,0.2941,0.1765,0.0,0.0,0.5294,0.2941
24,D,108,0.3333,0.3889,0.0,0.0,0.0,0.2778,0.7222
24,O,12,0.0,0.0,0.0,1.0,0.0,0.0,0.0
25,A,36,0.0,0.0,0.5,0.3333,0.0,0.1667,0.0
25,B,55,0.0,0.6545,0.1091,0.0727,0.0,0.1636,0.6545
25,C,25,0.0,0.0,0.64,0.0,0.0,0.36,0.0
25,D,23,0.087,0.5217,0.0,0.0,0.0,0.3913,0.6087
25,O,20,0.0,0.0,0.6,0.4,0.0,0.0,0.0
26,A,18,0.0,0.0,0.0,0.3333,0.6667,0.0,0.0
26,B,9,0.0,0.0,0.0,1.0,0.0,0.0,0.0
26,C,6,0.0,0.3333,0.5,0.0,0.0,0.1667,0.3333
26,D,2,0.0,1.0,0.0,0.0,0.0,0.0,1.0
26,O,27,0.0,0.0,0.0,0.0,1.0,0.0,0.0
27,A,12,0.0,0.0,0.5,0.25,0.1667,0.0833,0.0
27,B,76,0.0,0.3816,0.3553,0.0,0.0,0.2632,0.3816
27,D,49,0.4286,0.0,0.0,0.0,0.0,0.5714,0.4286
28,A,15,0.0,0.5333,0.4667,0.0,0.0,0.0,0.5333
28,C,195,0.0,0.9231,0.0,0.0,0.0,0.0769,0.9231
29,A,15,0.0,0.0,0.0,0.0,0.0,1.0,0.0
29,B,53,0.0,0.0,0.0566,0.0,0.0,0.9434,0.0
29,D,57,0.0,0.0,0.0,0.0,0.0,1.0,0.0
29,O,5,0.0,0.0,0.0,0.0,1.0,0.0,0.0
30,A,19,0.0,0.0,0.2632,0.0526,0.0526,0.6316,0.0
30,B,41,0.0,0.122,0.2195,0.0732,0.0,0.5854,0.122
30,D,26,0.1538,0.2308,0.0,0.0,0.0,0.6154,0.3846
31,A,3,0.0,0.0,0.6667,0.3333,0.0,0.0,0.0
31,C,4,0.0,0.5,0.0,0.25,0.0,0.25,0.5
31,D,9,0.6667,0.2222,0.0,0.0,0.0,0.1111,0.8889
31,E,5,0.8,0.0,0.0,0.0,0.0,0.2,0.8
32,B,17,0.0,0.0,1.0,0.0,0.0,0.0,0.0
32,D,3,0.0,0.6667,0.0,0.0,0.0,0.3333,0.6667
33,A,14,0.0,0.0,0.5714,0.4286,0.0,0.0,0.0
33,C,16,0.0,0.875,0.0,0.125,0.0,0.0,0.875
33,D,10,0.8,0.2,0.0,0.0,0.0,0.0,1.0
34,A,2,0.0,0.0,0.0,0.0,0.0,1.0,0.0
34,B,10,0.0,0.0,0.0,0.0,0.0,1.0,0.0
34,D,4,0.0,0.0,0.0,0.0,0.0,1.0,0.0
34,O,1,0.0,0.0,0.0,0.0,1.0,0.0,0.0
39,E,1,0.0,0.0,0.0,0.0,0.0,1.0,0.0
